{
  "cost": 588.0288516341697,
  "infeasibility": 0,
  "cvar": {
    "enabled": false,
    "epsilon": null
  },
  "generators": [
    {
      "status": [
        0,
        0,
        0,
        0,
        0,
        0,
        0,
        0,
        0,
        0,
        0,
        0,
        0,
        0,
        0,
        0,
        0,
        0,
        0,
        0,
        0,
        0,
        0,
        0,
        0,
        0,
        0,
        0,
        0,
        0,
        0,
        0,
        0,
        0,
        0,
        0,
        1,
        1,
        1,
        1,
        1,
        0,
        0,
        0,
        0,
        0,
        0,
        0
      ],
      "rate": [
        10.164917834724594,
        12.3638983701321,
        8.889315730534198,
        7.508258618051711,
        7.607268767121306,
        8.793960531399263,
        7.513404115605653,
        7.519948599102631,
        7.516402928726932,
        14.348754620218408,
        7.862318487011281,
        14.251409917658707,
        7.744265184650614,
        12.439591765972118,
        9.931100775547772,
        10.228127477478894,
        9.795259684123494,
        14.836647603750487,
        7.887882818439876,
        10.469582191479539,
        7.7071252478737104,
        9.32193410926944,
        7.537998993483512,
        7.741788378054237,
        7.500458983336138,
        7.5099682486272545,
        8.558950175052713,
        7.500204128527144,
        8.184550690423343,
        7.5002821492801655,
        7.726197642096605,
        10.138336009006688,
        11.816234465661546,
        12.686238046363199,
        7.504481370290495,
        7.6524120577561625,
        24.107559347019386,
        31.0390787136095,
        49.26451647468815,
        19.023950913144976,
        22.7227556645359,
        14.611756420668668,
        8.651537725168144,
        7.619865531446708,
        9.50010285194359,
        14.555395049155871,
        7.514553161434727,
        8.504344130063828
      ],
      "fuel_composition": [
        3,
        1,
        3,
        3,
        3,
        1,
        1,
        3,
        3,
        1,
        3,
        3,
        3,
        1,
        3,
        1,
        2,
        3,
        2,
        3,
        1,
        3,
        1,
        3,
        3,
        3,
        1,
        1,
        3,
        1,
        3,
        2,
        3,
        2,
        3,
        1,
        3,
        3,
        3,
        3,
        3,
        1,
        3,
        3,
        1,
        1,
        3,
        3
      ]
    }
  ],
  "battery_energy": [
    0.3183695458059127,
    0.9971129296010685,
    0.6254304382739058,
    -0.5927323458335361,
    0.15859359748143154,
    -8.128790276112076e-13,
    -0.18035144165915726,
    -0.04541454698324808,
    0.11233525975633947,
    -0.6988156223488609,
    -0.15047737643062256,
    0.10922128830900209,
    -2.4901233991238047e-09,
    -0.10050674084919275,
    0.16225878307573774,
    -0.0014705588552684674,
    0.03300134556605697,
    0.11645888873900365,
    0.06285965043859768,
    0.044927874297501225,
    0.3250679860657837,
    -0.15521342872855087,
    -0.16272581171759504,
    0.2596017367694284,
    -0.0027653385553653535,
    1.1301769502513928,
    0.09626153602415577,
    0.03428373204382956,
    -0.046191975117039236,
    -0.04146796199485342,
    -1.3321243554868882,
    -0.09410066314948914,
    0.05450086020639988,
    -0.016346699016641084,
    -0.03724436363906966,
    -0.165180509870839,
    0.6403951845026444,
    0.13575576068203105,
    -0.039896006328748984,
    0.08485128037393354,
    0.005138681023549282,
    -0.13422923429135422,
    -0.5575404695206186,
    -0.04630452770802382,
    -0.0012799270277154724,
    -0.01984720446070529,
    -0.012892083643194496,
    -0.0716314912978328
  ],
  "biogas_production": 490.0
}