{
  "cost": 511.10962926534125,
  "infeasibility": 0,
  "cvar": {
    "enabled": false,
    "epsilon": null
  },
  "generators": [
    {
      "status": [
        0,
        0,
        0,
        0,
        0,
        0,
        0,
        0,
        0,
        0,
        0,
        0,
        0,
        0,
        0,
        0,
        0,
        0,
        0,
        0,
        0,
        0,
        0,
        0,
        0,
        0,
        0,
        0,
        0,
        0,
        0,
        0,
        0,
        0,
        0,
        0,
        1,
        1,
        1,
        1,
        1,
        0,
        0,
        0,
        0,
        0,
        0,
        1
      ],
      "rate": [
        7.512380087457547,
        10.0857455019907,
        10.09988090539497,
        7.52347951527075,
        13.716180397091113,
        12.107195975912365,
        7.5030561672537734,
        8.767229027026143,
        7.757235147833909,
        8.02016374534511,
        7.7502551429497535,
        10.245522362632428,
        10.941459373369058,
        8.486183512846074,
        8.301311794761693,
        9.808714549277624,
        8.050407234091825,
        7.744007245013823,
        7.84667740729881,
        13.628451651417265,
        11.407500536545538,
        13.995706031800156,
        11.592562674684684,
        7.696277438356257,
        8.314313621407418,
        13.244877900290408,
        13.712965304867136,
        8.555456303871898,
        7.559899046357176,
        9.483415226675067,
        7.629066473801272,
        8.29671362928382,
        7.716439746738759,
        13.658327023545288,
        13.635010151048373,
        7.609737826926381,
        15.811623900868565,
        19.966666900668788,
        40.53842945876453,
        18.998281266545938,
        16.584350756246184,
        8.460794933206925,
        10.778156835280075,
        7.767515432870351,
        10.006683969272018,
        12.978884722702437,
        11.47015733165072,
        22.36191167728617
      ],
      "fuel_composition": [
        3,
        2,
        1,
        3,
        3,
        3,
        3,
        3,
        2,
        1,
        3,
        2,
        3,
        2,
        2,
        3,
        1,
        1,
        2,
        2,
        1,
        3,
        1,
        1,
        2,
        3,
        3,
        2,
        3,
        3,
        1,
        2,
        3,
        1,
        2,
        3,
        3,
        3,
        3,
        3,
        3,
        2,
        3,
        1,
        3,
        3,
        3,
        3
      ]
    }
  ],
  "battery_energy": [
    0.0018988321641782294,
    0.2837158733008498,
    0.0009185672175400869,
    -0.04933916419501517,
    -0.08530209738000251,
    0.025408305835398944,
    -0.02002938494195115,
    0.014307974742116474,
    -0.06771524457018861,
    0.007556770138179585,
    0.010174824931818796,
    -0.006255852798025934,
    0.01891981596125409,
    -0.0001472161842343151,
    1.0538463809087324,
    0.0051404225667906365,
    2.0103991920071844e-06,
    0.002754555373031096,
    0.0018180519239948227,
    -0.027218324016373367,
    0.004892622567376306,
    0.04418532679849937,
    0.001333890491784423,
    -0.009469181125451438,
    -0.0071151003521378415,
    0.01484140934952938,
    -0.019306730163555302,
    -0.03344994116747294,
    -0.09123063040072694,
    -0.13388626277115576,
    0.265297665546402,
    0.03224038920490846,
    -0.017448217724791434,
    -0.005929259047706816,
    -0.14497975467532281,
    -0.20290222942690275,
    0.01250418348750342,
    0.5440798659397811,
    -0.041880672937517585,
    -0.0014459994412406576,
    0.03757173715292725,
    -0.2510771277890013,
    -0.1473487901126545,
    -0.3968351358758418,
    -0.32125633145099336,
    -0.0241826254690786,
    0.0009464152488913657,
    0.052717273223424524
  ],
  "biogas_production": 490.0
}