{
  "cost": 1221.8843622342083,
  "infeasibility": 0,
  "cvar": {
    "enabled": false,
    "epsilon": null
  },
  "generators": [
    {
      "status": [
        0,
        0,
        0,
        0,
        0,
        0,
        0,
        0,
        0,
        0,
        0,
        0,
        0,
        0,
        0,
        0,
        0,
        0,
        0,
        0,
        0,
        0,
        0,
        0,
        0,
        0,
        0,
        0,
        0,
        0,
        0,
        0,
        0,
        0,
        0,
        0,
        0,
        0,
        1,
        1,
        1,
        1,
        1,
        1,
        0,
        0,
        0,
        0
      ],
      "rate": [
        9.659430848630803,
        10.336795415279594,
        7.509025625207548,
        11.43192469002721,
        14.023494644928821,
        10.621107344881759,
        12.90441342032534,
        14.99934689282569,
        7.584375779914042,
        13.149824734036438,
        8.584771802425731,
        7.542413133769038,
        13.664240779248697,
        11.162691055204325,
        9.687085572548067,
        12.004203510918712,
        11.497980464456157,
        7.548291370509428,
        9.19159009405882,
        9.653661562810482,
        14.391671291603357,
        11.639948972291599,
        12.58098910893343,
        11.046864265860892,
        13.893484420323487,
        8.857383507817257,
        11.336446105817243,
        9.18715770431707,
        7.806773342256653,
        13.465739665284884,
        7.887287655432494,
        10.665228268703647,
        12.776457285084426,
        12.125938735757773,
        9.78518104893346,
        10.313084546508813,
        10.089380391434583,
        8.296203723741879,
        24.93043396430381,
        47.95417570529447,
        43.27793356354106,
        24.213405344089793,
        49.14798139228396,
        22.23186217965358,
        8.15880494629612,
        7.85518805675588,
        10.442042153205817,
        11.611480441024284
      ],
      "fuel_composition": [
        1,
        2,
        3,
        1,
        3,
        2,
        1,
        3,
        2,
        2,
        1,
        2,
        3,
        2,
        2,
        3,
        3,
        1,
        3,
        2,
        2,
        3,
        3,
        3,
        2,
        2,
        1,
        3,
        1,
        3,
        2,
        3,
        2,
        2,
        1,
        3,
        1,
        3,
        3,
        3,
        2,
        3,
        2,
        2,
        3,
        3,
        3,
        3
      ]
    }
  ],
  "battery_energy": [
    3.9221584975626467,
    0.0888206214633294,
    -0.8918198786878658,
    1.0991029115605464,
    0.20137199663910466,
    -0.1561644238523186,
    7.261157887089868,
    -0.9265032982130248,
    -1.1117992110241226,
    1.3718475177915044,
    -0.8316684801274545,
    1.8764413778030202,
    3.447185868070097,
    0.17482767751392544,
    -7.301365791316746,
    4.950323543012645,
    0.058181177507968494,
    0.16332703982935526,
    0.3069884526878731,
    -6.455991003543974,
    17.778926080907315,
    -12.997128827075557,
    1.0428537799667705,
    1.1610356476767763,
    6.100236655710275,
    -0.7182073298414258,
    -0.015670954526329342,
    -0.5047219131461591,
    -0.39479733957453034,
    -0.04328569971281951,
    -0.11461087541155077,
    -0.7885114357892612,
    -0.41324413855336983,
    -4.302843294799646,
    -1.5471084370498611,
    25.28654250534558,
    -1.4463329818732196,
    0.16917561410521786,
    -13.952905566336309,
    3.7423059026830625,
    0.5346176967317603,
    -16.39787600884361,
    9.839553762921927,
    -8.345431619618838,
    12.156411715333897,
    -1.7392987632987527,
    -0.8088920229608185,
    -7.859203984371382
  ],
  "biogas_production": 490.0
}