{
  "cost": 1297.0014464487047,
  "infeasibility": 0,
  "cvar": {
    "enabled": false,
    "epsilon": null
  },
  "generators": [
    {
      "status": [
        0,
        0,
        0,
        0,
        0,
        0,
        0,
        0,
        0,
        0,
        0,
        0,
        0,
        0,
        0,
        0,
        0,
        0,
        0,
        0,
        0,
        0,
        0,
        0,
        0,
        0,
        0,
        0,
        0,
        0,
        0,
        0,
        0,
        0,
        0,
        0,
        1,
        1,
        1,
        1,
        1,
        1,
        0,
        0,
        0,
        0,
        0,
        0
      ],
      "rate": [
        13.847788067915744,
        14.992012523492807,
        12.90260941506603,
        10.621923549003323,
        7.87711627052458,
        14.883401347515425,
        9.911885592408556,
        8.67738920763871,
        11.852009581789671,
        12.168757462798885,
        14.986466791424903,
        14.984618886379057,
        8.745379137694453,
        13.869182763994697,
        7.627391360231196,
        8.746047426745678,
        10.97317407760665,
        14.882314407384554,
        9.944377819505087,
        11.774704336396505,
        7.500532601597003,
        12.808866520922246,
        13.37190327302591,
        9.627817652048002,
        7.500691865015908,
        11.697507551960628,
        13.649505545709461,
        11.307995733187447,
        7.790969288607923,
        8.326979698676572,
        8.496546798020665,
        9.359004800667009,
        14.45212168232527,
        12.13945808602307,
        8.245846422402654,
        11.023404684649615,
        24.63136545458555,
        48.734657100000874,
        48.003915823890864,
        40.95176578584953,
        46.878799064825,
        23.07037613507393,
        7.594097221148534,
        7.5000080610192486,
        8.512058662668865,
        9.62600494716072,
        7.596977784199431,
        7.950926648873848
      ],
      "fuel_composition": [
        3,
        1,
        1,
        1,
        2,
        1,
        3,
        3,
        2,
        1,
        1,
        1,
        3,
        1,
        1,
        3,
        1,
        3,
        2,
        2,
        2,
        3,
        2,
        2,
        1,
        3,
        2,
        3,
        1,
        2,
        3,
        3,
        3,
        1,
        3,
        2,
        2,
        3,
        3,
        2,
        2,
        2,
        3,
        1,
        3,
        3,
        2,
        1
      ]
    }
  ],
  "battery_energy": [
    6.121728341531225,
    3.0265346909262556,
    0.6634312157642039,
    -0.3584425372667258,
    0.30390699631427953,
    -1.84787347184271,
    5.485338961001064,
    -1.1855523151971066,
    1.8291105527575287,
    -0.11124375933037545,
    0.07582832234250647,
    -0.3161763795385655,
    0.22274487107068808,
    -1.5516100762193659,
    -1.3216389115045113,
    3.0012037818921478,
    2.827247295433833,
    -2.298034571038898,
    0.5862558021160327,
    -0.08795458142620438,
    0.1765885834524521,
    4.699904949940328,
    1.9193325205510727,
    -8.55835101257287,
    -1.8706953051943809,
    2.942811476156759,
    3.327055971896052,
    14.362644968054003,
    -0.2827221616206257,
    -1.6620572848385782,
    0.6352796958016953,
    2.209789211749301,
    -1.3102201120243264,
    0.8207391932870152,
    0.4521596889415358,
    -0.37392773921867395,
    -3.0817532249929007,
    1.8999810606265437,
    2.408521138880476,
    -3.1824093993622853,
    4.302842191031372,
    -16.569918448668986,
    -10.47417062962968,
    0.5325738236657465,
    3.4373217657350668,
    0.8376999688729438,
    -4.578363355462737,
    0.07635378988264963
  ],
  "biogas_production": 490.0
}