{
  "cost": 584.4916699942787,
  "infeasibility": 0,
  "cvar": {
    "enabled": false,
    "epsilon": null
  },
  "generators": [
    {
      "status": [
        0,
        0,
        0,
        0,
        0,
        0,
        0,
        0,
        0,
        0,
        0,
        0,
        0,
        0,
        0,
        0,
        0,
        0,
        0,
        0,
        0,
        0,
        0,
        0,
        0,
        0,
        1,
        1,
        1,
        1,
        1,
        0,
        0,
        0,
        0,
        0,
        0,
        0,
        0,
        0,
        0,
        0,
        0,
        0,
        0,
        0,
        0,
        0
      ],
      "rate": [
        7.783190156879949,
        7.813529787153323,
        7.542011111554434,
        12.859893068598304,
        7.5,
        9.034617117326883,
        9.298855956011163,
        12.56283934428275,
        7.65092528183209,
        7.533983666261632,
        7.502674332590673,
        8.675070793886054,
        7.656187542369597,
        8.092677983110871,
        9.014275237397943,
        13.260445361647532,
        14.727120932206132,
        14.957307892056663,
        7.536479697196342,
        7.552789397846624,
        7.503120297116852,
        9.010257825152907,
        7.5014182400922005,
        9.830293806058059,
        7.538736166284651,
        7.5000351415870545,
        18.982732289399493,
        49.612649192830894,
        26.045379393413107,
        39.888399552929684,
        15.01761469458543,
        9.977755777167857,
        7.535843636841859,
        13.468412346844664,
        8.202029001759003,
        7.504818928278519,
        7.56473103115025,
        13.317228182332904,
        10.590456443000406,
        9.80037750521086,
        7.505900148993273,
        7.727288929048168,
        7.542547567793072,
        8.401475602179383,
        12.700815512972623,
        7.542605003638147,
        7.500079144724746,
        8.622353037864585
      ],
      "fuel_composition": [
        2,
        1,
        1,
        1,
        2,
        3,
        1,
        3,
        2,
        1,
        1,
        3,
        2,
        3,
        3,
        3,
        1,
        2,
        1,
        3,
        1,
        1,
        2,
        3,
        3,
        3,
        3,
        3,
        3,
        3,
        3,
        1,
        1,
        3,
        1,
        2,
        3,
        3,
        2,
        3,
        1,
        1,
        3,
        2,
        3,
        3,
        1,
        1
      ]
    }
  ],
  "battery_energy": [
    0.29202306742943246,
    -0.1317519320145283,
    0.37694581178033904,
    -0.004397228486427359,
    0.001569257281529968,
    -0.0012171671670964666,
    -0.049011117338801896,
    -0.031644867539215554,
    0.41726095408653296,
    -0.03337286951040943,
    -0.15830008424890066,
    -0.023416571022462338,
    0.04595084119981159,
    -0.15575744637958513,
    -0.05342894713571745,
    0.04752922089717834,
    0.3795662176114558,
    -0.0789325550093131,
    0.1067690090608179,
    0.5579203515217552,
    0.039626691199332445,
    -0.17368616756684468,
    1.0711016369335746,
    -0.07755633499539653,
    0.2140284479969983,
    0.22889403589346127,
    0.05954138037289257,
    -0.048368133321171417,
    1.1303969113841492,
    -0.10669291357511432,
    -0.5378952583982944,
    -0.252813751984633,
    -0.06706446323740595,
    0.0021032623794676047,
    -0.16879176768644782,
    -0.021375616664984564,
    -0.12749746738477244,
    -0.1680325505820653,
    0.05680467239151037,
    -0.4499712580691669,
    -0.025749281979367794,
    -0.1597239002817008,
    -0.04344735199431495,
    -0.18176710225596757,
    -0.021956387545282195,
    -0.2977132677227057,
    -0.31768825360524583,
    -0.4716701645748068
  ],
  "biogas_production": 490.0
}