{
  "cost": 633.559446275716,
  "infeasibility": 0,
  "cvar": {
    "enabled": false,
    "epsilon": null
  },
  "generators": [
    {
      "status": [
        0,
        0,
        0,
        0,
        0,
        0,
        0,
        0,
        0,
        0,
        0,
        0,
        0,
        0,
        0,
        0,
        0,
        0,
        0,
        0,
        0,
        0,
        0,
        0,
        0,
        0,
        0,
        0,
        0,
        0,
        0,
        0,
        0,
        1,
        1,
        1,
        1,
        1,
        0,
        0,
        0,
        0,
        0,
        0,
        0,
        0,
        0,
        0
      ],
      "rate": [
        8.006005125066533,
        8.015444930815603,
        13.870908716461841,
        7.786555168520329,
        13.58754514918584,
        7.509597132500102,
        7.5121019397371205,
        7.514678660839244,
        8.693316093472388,
        7.522735895059564,
        13.62058237082641,
        9.182586083796334,
        8.022233849195235,
        7.611690733746596,
        8.838716926878222,
        8.84039609655151,
        7.509711312263146,
        7.619762107091813,
        11.417689628046043,
        7.522375904627642,
        13.556086898554621,
        7.698508472733425,
        9.171151740750627,
        9.395851469496984,
        7.531533400348387,
        7.860774769032107,
        7.853753790254352,
        11.219673350063319,
        8.975534603865242,
        7.60081213882043,
        8.21733221452722,
        7.898856188613019,
        12.012682093244772,
        21.18714493531491,
        25.77252426685985,
        49.99931784724641,
        24.00288147270955,
        24.791488276539873,
        7.500317157422676,
        12.003856388323088,
        8.863538773720537,
        8.03615096585695,
        12.138075219930558,
        7.500030065838804,
        8.236973009302455,
        7.8347863288855315,
        7.531302580634056,
        13.215922538520353
      ],
      "fuel_composition": [
        3,
        2,
        3,
        3,
        3,
        3,
        3,
        1,
        2,
        2,
        1,
        3,
        1,
        3,
        1,
        3,
        3,
        2,
        2,
        2,
        1,
        1,
        3,
        3,
        3,
        3,
        3,
        2,
        1,
        3,
        3,
        1,
        3,
        3,
        3,
        3,
        3,
        3,
        3,
        1,
        3,
        2,
        3,
        3,
        3,
        3,
        1,
        3
      ]
    }
  ],
  "battery_energy": [
    0.10284848616343308,
    -0.0009064189738413973,
    -0.009331239129734511,
    -0.007442035402730019,
    0.011274945583409891,
    0.011162758342194,
    0.0007343644441885292,
    -0.014849362572461836,
    -0.00857400814754486,
    -0.010658340375786713,
    -0.006434864056878089,
    -0.005923319109798684,
    -0.033825220887621625,
    0.003249229294255788,
    0.04105375308059651,
    -0.012721627618909225,
    0.02436816108761733,
    0.04432923831888192,
    0.0135970856342789,
    -0.008247701295039144,
    -0.004367688492663114,
    0.024273349180799868,
    0.026678074835033427,
    0.00045405419097155965,
    0.008105931028467217,
    -0.00472204109172198,
    0.16101085016313146,
    -0.004898419931501833,
    0.00703527813907709,
    -0.004290335580255474,
    -0.11123910791848579,
    -0.04385263324096919,
    0.028157134004573942,
    0.05253333034485392,
    0.010586446899562243,
    0.29547325560178295,
    0.001987929212661848,
    0.03398091909139079,
    -0.0048853804149062655,
    -0.02554574750307609,
    -0.16794138685548965,
    -0.015799864122215457,
    -0.0035609654741826234,
    -0.055192910059472376,
    -0.0051067467079455985,
    -0.007868368754915877,
    -0.07506552240329045,
    -0.11184915298806719
  ],
  "biogas_production": 490.0
}